-- AquaHome Database Seeding Script
-- Execute this script in the Supabase SQL Editor (Dashboard > SQL Editor > New query)

-- Enable pgcrypto for password hashing
CREATE EXTENSION IF NOT EXISTS pgcrypto;

-- Helper block to insert auth users
-- ============ INSERT AUTH USERS & ROLES ============

-- User: Admin (admin)
INSERT INTO auth.users (
  id,
  instance_id,
  email,
  encrypted_password,
  email_confirmed_at,
  invited_at,
  confirmation_token,
  confirmation_sent_at,
  recovery_token,
  recovery_sent_at,
  email_change_token_new,
  email_change,
  email_change_sent_at,
  last_sign_in_at,
  raw_app_meta_data,
  raw_user_meta_data,
  is_super_admin,
  created_at,
  updated_at,
  phone,
  phone_confirmed_at,
  phone_change,
  phone_change_token,
  phone_change_sent_at,
  confirmed_at,
  email_change_confirm_status,
  banned_until,
  reauthentication_token,
  reauthentication_sent_at,
  is_sso_user,
  deleted_at,
  role,
  aud
) VALUES (
  '7827f9b9-bfba-41eb-919f-70524d2e363d',
  '00000000-0000-0000-0000-000000000000',
  'admin@aquahome.com',
  '$2a$10$CCsYlV4vI0KqWwYV5/g4beZ5k2EUpH3P2G3Nl6dMh4yZc0O69d5tG',
  now(),
  NULL,
  '',
  NULL,
  '',
  NULL,
  '',
  '',
  NULL,
  now(),
  '{"provider": "email", "providers": ["email"]}',
  '{"full_name": "Admin"}',
  false,
  now(),
  now(),
  NULL,
  NULL,
  '',
  '',
  NULL,
  now(),
  0,
  NULL,
  '',
  NULL,
  false,
  NULL,
  'authenticated',
  'authenticated'
) ON CONFLICT (id) DO NOTHING;

INSERT INTO public.user_roles (user_id, role)
VALUES ('7827f9b9-bfba-41eb-919f-70524d2e363d', 'admin')
ON CONFLICT (user_id, role) DO NOTHING;

-- User: Maddy (supplier)
INSERT INTO auth.users (
  id,
  instance_id,
  email,
  encrypted_password,
  email_confirmed_at,
  invited_at,
  confirmation_token,
  confirmation_sent_at,
  recovery_token,
  recovery_sent_at,
  email_change_token_new,
  email_change,
  email_change_sent_at,
  last_sign_in_at,
  raw_app_meta_data,
  raw_user_meta_data,
  is_super_admin,
  created_at,
  updated_at,
  phone,
  phone_confirmed_at,
  phone_change,
  phone_change_token,
  phone_change_sent_at,
  confirmed_at,
  email_change_confirm_status,
  banned_until,
  reauthentication_token,
  reauthentication_sent_at,
  is_sso_user,
  deleted_at,
  role,
  aud
) VALUES (
  '1be8f91e-fe11-463e-a7e7-d56491402187',
  '00000000-0000-0000-0000-000000000000',
  'maddy_0@aquahome.com',
  '$2a$10$CCsYlV4vI0KqWwYV5/g4beZ5k2EUpH3P2G3Nl6dMh4yZc0O69d5tG',
  now(),
  NULL,
  '',
  NULL,
  '',
  NULL,
  '',
  '',
  NULL,
  now(),
  '{"provider": "email", "providers": ["email"]}',
  '{"full_name": "Maddy"}',
  false,
  now(),
  now(),
  NULL,
  NULL,
  '',
  '',
  NULL,
  now(),
  0,
  NULL,
  '',
  NULL,
  false,
  NULL,
  'authenticated',
  'authenticated'
) ON CONFLICT (id) DO NOTHING;

INSERT INTO public.user_roles (user_id, role)
VALUES ('1be8f91e-fe11-463e-a7e7-d56491402187', 'supplier')
ON CONFLICT (user_id, role) DO NOTHING;

-- User: ABC (supplier)
INSERT INTO auth.users (
  id,
  instance_id,
  email,
  encrypted_password,
  email_confirmed_at,
  invited_at,
  confirmation_token,
  confirmation_sent_at,
  recovery_token,
  recovery_sent_at,
  email_change_token_new,
  email_change,
  email_change_sent_at,
  last_sign_in_at,
  raw_app_meta_data,
  raw_user_meta_data,
  is_super_admin,
  created_at,
  updated_at,
  phone,
  phone_confirmed_at,
  phone_change,
  phone_change_token,
  phone_change_sent_at,
  confirmed_at,
  email_change_confirm_status,
  banned_until,
  reauthentication_token,
  reauthentication_sent_at,
  is_sso_user,
  deleted_at,
  role,
  aud
) VALUES (
  '964da871-7c31-4f00-8433-7385767c5401',
  '00000000-0000-0000-0000-000000000000',
  'abc_1@aquahome.com',
  '$2a$10$CCsYlV4vI0KqWwYV5/g4beZ5k2EUpH3P2G3Nl6dMh4yZc0O69d5tG',
  now(),
  NULL,
  '',
  NULL,
  '',
  NULL,
  '',
  '',
  NULL,
  now(),
  '{"provider": "email", "providers": ["email"]}',
  '{"full_name": "ABC"}',
  false,
  now(),
  now(),
  NULL,
  NULL,
  '',
  '',
  NULL,
  now(),
  0,
  NULL,
  '',
  NULL,
  false,
  NULL,
  'authenticated',
  'authenticated'
) ON CONFLICT (id) DO NOTHING;

INSERT INTO public.user_roles (user_id, role)
VALUES ('964da871-7c31-4f00-8433-7385767c5401', 'supplier')
ON CONFLICT (user_id, role) DO NOTHING;

-- User: PaaniWala (supplier)
INSERT INTO auth.users (
  id,
  instance_id,
  email,
  encrypted_password,
  email_confirmed_at,
  invited_at,
  confirmation_token,
  confirmation_sent_at,
  recovery_token,
  recovery_sent_at,
  email_change_token_new,
  email_change,
  email_change_sent_at,
  last_sign_in_at,
  raw_app_meta_data,
  raw_user_meta_data,
  is_super_admin,
  created_at,
  updated_at,
  phone,
  phone_confirmed_at,
  phone_change,
  phone_change_token,
  phone_change_sent_at,
  confirmed_at,
  email_change_confirm_status,
  banned_until,
  reauthentication_token,
  reauthentication_sent_at,
  is_sso_user,
  deleted_at,
  role,
  aud
) VALUES (
  'e47a585f-2d3b-4b93-914f-46155cb34560',
  '00000000-0000-0000-0000-000000000000',
  'paaniwala_2@aquahome.com',
  '$2a$10$CCsYlV4vI0KqWwYV5/g4beZ5k2EUpH3P2G3Nl6dMh4yZc0O69d5tG',
  now(),
  NULL,
  '',
  NULL,
  '',
  NULL,
  '',
  '',
  NULL,
  now(),
  '{"provider": "email", "providers": ["email"]}',
  '{"full_name": "PaaniWala"}',
  false,
  now(),
  now(),
  NULL,
  NULL,
  '',
  '',
  NULL,
  now(),
  0,
  NULL,
  '',
  NULL,
  false,
  NULL,
  'authenticated',
  'authenticated'
) ON CONFLICT (id) DO NOTHING;

INSERT INTO public.user_roles (user_id, role)
VALUES ('e47a585f-2d3b-4b93-914f-46155cb34560', 'supplier')
ON CONFLICT (user_id, role) DO NOTHING;

-- User: Pasalkar water supplier  (supplier)
INSERT INTO auth.users (
  id,
  instance_id,
  email,
  encrypted_password,
  email_confirmed_at,
  invited_at,
  confirmation_token,
  confirmation_sent_at,
  recovery_token,
  recovery_sent_at,
  email_change_token_new,
  email_change,
  email_change_sent_at,
  last_sign_in_at,
  raw_app_meta_data,
  raw_user_meta_data,
  is_super_admin,
  created_at,
  updated_at,
  phone,
  phone_confirmed_at,
  phone_change,
  phone_change_token,
  phone_change_sent_at,
  confirmed_at,
  email_change_confirm_status,
  banned_until,
  reauthentication_token,
  reauthentication_sent_at,
  is_sso_user,
  deleted_at,
  role,
  aud
) VALUES (
  '8fb4817b-e1bb-43f7-a3c6-89de3c57f07c',
  '00000000-0000-0000-0000-000000000000',
  'pasalkarwatersupplier_3@aquahome.com',
  '$2a$10$CCsYlV4vI0KqWwYV5/g4beZ5k2EUpH3P2G3Nl6dMh4yZc0O69d5tG',
  now(),
  NULL,
  '',
  NULL,
  '',
  NULL,
  '',
  '',
  NULL,
  now(),
  '{"provider": "email", "providers": ["email"]}',
  '{"full_name": "Pasalkar water supplier "}',
  false,
  now(),
  now(),
  NULL,
  NULL,
  '',
  '',
  NULL,
  now(),
  0,
  NULL,
  '',
  NULL,
  false,
  NULL,
  'authenticated',
  'authenticated'
) ON CONFLICT (id) DO NOTHING;

INSERT INTO public.user_roles (user_id, role)
VALUES ('8fb4817b-e1bb-43f7-a3c6-89de3c57f07c', 'supplier')
ON CONFLICT (user_id, role) DO NOTHING;

-- User: Radha (supplier)
INSERT INTO auth.users (
  id,
  instance_id,
  email,
  encrypted_password,
  email_confirmed_at,
  invited_at,
  confirmation_token,
  confirmation_sent_at,
  recovery_token,
  recovery_sent_at,
  email_change_token_new,
  email_change,
  email_change_sent_at,
  last_sign_in_at,
  raw_app_meta_data,
  raw_user_meta_data,
  is_super_admin,
  created_at,
  updated_at,
  phone,
  phone_confirmed_at,
  phone_change,
  phone_change_token,
  phone_change_sent_at,
  confirmed_at,
  email_change_confirm_status,
  banned_until,
  reauthentication_token,
  reauthentication_sent_at,
  is_sso_user,
  deleted_at,
  role,
  aud
) VALUES (
  'ed454d84-7b16-4faa-b1de-745677131216',
  '00000000-0000-0000-0000-000000000000',
  'radha_4@aquahome.com',
  '$2a$10$CCsYlV4vI0KqWwYV5/g4beZ5k2EUpH3P2G3Nl6dMh4yZc0O69d5tG',
  now(),
  NULL,
  '',
  NULL,
  '',
  NULL,
  '',
  '',
  NULL,
  now(),
  '{"provider": "email", "providers": ["email"]}',
  '{"full_name": "Radha"}',
  false,
  now(),
  now(),
  NULL,
  NULL,
  '',
  '',
  NULL,
  now(),
  0,
  NULL,
  '',
  NULL,
  false,
  NULL,
  'authenticated',
  'authenticated'
) ON CONFLICT (id) DO NOTHING;

INSERT INTO public.user_roles (user_id, role)
VALUES ('ed454d84-7b16-4faa-b1de-745677131216', 'supplier')
ON CONFLICT (user_id, role) DO NOTHING;

-- User: Patil Water Supplier (supplier)
INSERT INTO auth.users (
  id,
  instance_id,
  email,
  encrypted_password,
  email_confirmed_at,
  invited_at,
  confirmation_token,
  confirmation_sent_at,
  recovery_token,
  recovery_sent_at,
  email_change_token_new,
  email_change,
  email_change_sent_at,
  last_sign_in_at,
  raw_app_meta_data,
  raw_user_meta_data,
  is_super_admin,
  created_at,
  updated_at,
  phone,
  phone_confirmed_at,
  phone_change,
  phone_change_token,
  phone_change_sent_at,
  confirmed_at,
  email_change_confirm_status,
  banned_until,
  reauthentication_token,
  reauthentication_sent_at,
  is_sso_user,
  deleted_at,
  role,
  aud
) VALUES (
  'a3103e3b-2f7c-4c78-9d35-efb2d6fafce2',
  '00000000-0000-0000-0000-000000000000',
  'patilwatersupplier_5@aquahome.com',
  '$2a$10$CCsYlV4vI0KqWwYV5/g4beZ5k2EUpH3P2G3Nl6dMh4yZc0O69d5tG',
  now(),
  NULL,
  '',
  NULL,
  '',
  NULL,
  '',
  '',
  NULL,
  now(),
  '{"provider": "email", "providers": ["email"]}',
  '{"full_name": "Patil Water Supplier"}',
  false,
  now(),
  now(),
  NULL,
  NULL,
  '',
  '',
  NULL,
  now(),
  0,
  NULL,
  '',
  NULL,
  false,
  NULL,
  'authenticated',
  'authenticated'
) ON CONFLICT (id) DO NOTHING;

INSERT INTO public.user_roles (user_id, role)
VALUES ('a3103e3b-2f7c-4c78-9d35-efb2d6fafce2', 'supplier')
ON CONFLICT (user_id, role) DO NOTHING;

-- User: Aqua kharadi  (supplier)
INSERT INTO auth.users (
  id,
  instance_id,
  email,
  encrypted_password,
  email_confirmed_at,
  invited_at,
  confirmation_token,
  confirmation_sent_at,
  recovery_token,
  recovery_sent_at,
  email_change_token_new,
  email_change,
  email_change_sent_at,
  last_sign_in_at,
  raw_app_meta_data,
  raw_user_meta_data,
  is_super_admin,
  created_at,
  updated_at,
  phone,
  phone_confirmed_at,
  phone_change,
  phone_change_token,
  phone_change_sent_at,
  confirmed_at,
  email_change_confirm_status,
  banned_until,
  reauthentication_token,
  reauthentication_sent_at,
  is_sso_user,
  deleted_at,
  role,
  aud
) VALUES (
  '0da255e0-51c8-4d55-b3c3-0807f4a045e2',
  '00000000-0000-0000-0000-000000000000',
  'aquakharadi_6@aquahome.com',
  '$2a$10$CCsYlV4vI0KqWwYV5/g4beZ5k2EUpH3P2G3Nl6dMh4yZc0O69d5tG',
  now(),
  NULL,
  '',
  NULL,
  '',
  NULL,
  '',
  '',
  NULL,
  now(),
  '{"provider": "email", "providers": ["email"]}',
  '{"full_name": "Aqua kharadi "}',
  false,
  now(),
  now(),
  NULL,
  NULL,
  '',
  '',
  NULL,
  now(),
  0,
  NULL,
  '',
  NULL,
  false,
  NULL,
  'authenticated',
  'authenticated'
) ON CONFLICT (id) DO NOTHING;

INSERT INTO public.user_roles (user_id, role)
VALUES ('0da255e0-51c8-4d55-b3c3-0807f4a045e2', 'supplier')
ON CONFLICT (user_id, role) DO NOTHING;

-- User: Krushna water supplier  (supplier)
INSERT INTO auth.users (
  id,
  instance_id,
  email,
  encrypted_password,
  email_confirmed_at,
  invited_at,
  confirmation_token,
  confirmation_sent_at,
  recovery_token,
  recovery_sent_at,
  email_change_token_new,
  email_change,
  email_change_sent_at,
  last_sign_in_at,
  raw_app_meta_data,
  raw_user_meta_data,
  is_super_admin,
  created_at,
  updated_at,
  phone,
  phone_confirmed_at,
  phone_change,
  phone_change_token,
  phone_change_sent_at,
  confirmed_at,
  email_change_confirm_status,
  banned_until,
  reauthentication_token,
  reauthentication_sent_at,
  is_sso_user,
  deleted_at,
  role,
  aud
) VALUES (
  '2e165559-b459-4f03-b54f-4148e5780529',
  '00000000-0000-0000-0000-000000000000',
  'krushnawatersupplier_7@aquahome.com',
  '$2a$10$CCsYlV4vI0KqWwYV5/g4beZ5k2EUpH3P2G3Nl6dMh4yZc0O69d5tG',
  now(),
  NULL,
  '',
  NULL,
  '',
  NULL,
  '',
  '',
  NULL,
  now(),
  '{"provider": "email", "providers": ["email"]}',
  '{"full_name": "Krushna water supplier "}',
  false,
  now(),
  now(),
  NULL,
  NULL,
  '',
  '',
  NULL,
  now(),
  0,
  NULL,
  '',
  NULL,
  false,
  NULL,
  'authenticated',
  'authenticated'
) ON CONFLICT (id) DO NOTHING;

INSERT INTO public.user_roles (user_id, role)
VALUES ('2e165559-b459-4f03-b54f-4148e5780529', 'supplier')
ON CONFLICT (user_id, role) DO NOTHING;

-- User: Cm  (supplier)
INSERT INTO auth.users (
  id,
  instance_id,
  email,
  encrypted_password,
  email_confirmed_at,
  invited_at,
  confirmation_token,
  confirmation_sent_at,
  recovery_token,
  recovery_sent_at,
  email_change_token_new,
  email_change,
  email_change_sent_at,
  last_sign_in_at,
  raw_app_meta_data,
  raw_user_meta_data,
  is_super_admin,
  created_at,
  updated_at,
  phone,
  phone_confirmed_at,
  phone_change,
  phone_change_token,
  phone_change_sent_at,
  confirmed_at,
  email_change_confirm_status,
  banned_until,
  reauthentication_token,
  reauthentication_sent_at,
  is_sso_user,
  deleted_at,
  role,
  aud
) VALUES (
  '1686643a-9374-4cea-aaf6-af784c7acca4',
  '00000000-0000-0000-0000-000000000000',
  'cm_8@aquahome.com',
  '$2a$10$CCsYlV4vI0KqWwYV5/g4beZ5k2EUpH3P2G3Nl6dMh4yZc0O69d5tG',
  now(),
  NULL,
  '',
  NULL,
  '',
  NULL,
  '',
  '',
  NULL,
  now(),
  '{"provider": "email", "providers": ["email"]}',
  '{"full_name": "Cm "}',
  false,
  now(),
  now(),
  NULL,
  NULL,
  '',
  '',
  NULL,
  now(),
  0,
  NULL,
  '',
  NULL,
  false,
  NULL,
  'authenticated',
  'authenticated'
) ON CONFLICT (id) DO NOTHING;

INSERT INTO public.user_roles (user_id, role)
VALUES ('1686643a-9374-4cea-aaf6-af784c7acca4', 'supplier')
ON CONFLICT (user_id, role) DO NOTHING;

-- User: JalSeva (supplier)
INSERT INTO auth.users (
  id,
  instance_id,
  email,
  encrypted_password,
  email_confirmed_at,
  invited_at,
  confirmation_token,
  confirmation_sent_at,
  recovery_token,
  recovery_sent_at,
  email_change_token_new,
  email_change,
  email_change_sent_at,
  last_sign_in_at,
  raw_app_meta_data,
  raw_user_meta_data,
  is_super_admin,
  created_at,
  updated_at,
  phone,
  phone_confirmed_at,
  phone_change,
  phone_change_token,
  phone_change_sent_at,
  confirmed_at,
  email_change_confirm_status,
  banned_until,
  reauthentication_token,
  reauthentication_sent_at,
  is_sso_user,
  deleted_at,
  role,
  aud
) VALUES (
  'b45a892d-d324-495b-acc4-8839b715b7df',
  '00000000-0000-0000-0000-000000000000',
  'jalseva_9@aquahome.com',
  '$2a$10$CCsYlV4vI0KqWwYV5/g4beZ5k2EUpH3P2G3Nl6dMh4yZc0O69d5tG',
  now(),
  NULL,
  '',
  NULL,
  '',
  NULL,
  '',
  '',
  NULL,
  now(),
  '{"provider": "email", "providers": ["email"]}',
  '{"full_name": "JalSeva"}',
  false,
  now(),
  now(),
  NULL,
  NULL,
  '',
  '',
  NULL,
  now(),
  0,
  NULL,
  '',
  NULL,
  false,
  NULL,
  'authenticated',
  'authenticated'
) ON CONFLICT (id) DO NOTHING;

INSERT INTO public.user_roles (user_id, role)
VALUES ('b45a892d-d324-495b-acc4-8839b715b7df', 'supplier')
ON CONFLICT (user_id, role) DO NOTHING;

-- User: Mahesh Water Supllier (supplier)
INSERT INTO auth.users (
  id,
  instance_id,
  email,
  encrypted_password,
  email_confirmed_at,
  invited_at,
  confirmation_token,
  confirmation_sent_at,
  recovery_token,
  recovery_sent_at,
  email_change_token_new,
  email_change,
  email_change_sent_at,
  last_sign_in_at,
  raw_app_meta_data,
  raw_user_meta_data,
  is_super_admin,
  created_at,
  updated_at,
  phone,
  phone_confirmed_at,
  phone_change,
  phone_change_token,
  phone_change_sent_at,
  confirmed_at,
  email_change_confirm_status,
  banned_until,
  reauthentication_token,
  reauthentication_sent_at,
  is_sso_user,
  deleted_at,
  role,
  aud
) VALUES (
  'fc60218e-ca4a-4828-9a56-2f066e77e780',
  '00000000-0000-0000-0000-000000000000',
  'maheshwatersupllier_10@aquahome.com',
  '$2a$10$CCsYlV4vI0KqWwYV5/g4beZ5k2EUpH3P2G3Nl6dMh4yZc0O69d5tG',
  now(),
  NULL,
  '',
  NULL,
  '',
  NULL,
  '',
  '',
  NULL,
  now(),
  '{"provider": "email", "providers": ["email"]}',
  '{"full_name": "Mahesh Water Supllier"}',
  false,
  now(),
  now(),
  NULL,
  NULL,
  '',
  '',
  NULL,
  now(),
  0,
  NULL,
  '',
  NULL,
  false,
  NULL,
  'authenticated',
  'authenticated'
) ON CONFLICT (id) DO NOTHING;

INSERT INTO public.user_roles (user_id, role)
VALUES ('fc60218e-ca4a-4828-9a56-2f066e77e780', 'supplier')
ON CONFLICT (user_id, role) DO NOTHING;

-- User: Mahesh Water Purifier    (supplier)
INSERT INTO auth.users (
  id,
  instance_id,
  email,
  encrypted_password,
  email_confirmed_at,
  invited_at,
  confirmation_token,
  confirmation_sent_at,
  recovery_token,
  recovery_sent_at,
  email_change_token_new,
  email_change,
  email_change_sent_at,
  last_sign_in_at,
  raw_app_meta_data,
  raw_user_meta_data,
  is_super_admin,
  created_at,
  updated_at,
  phone,
  phone_confirmed_at,
  phone_change,
  phone_change_token,
  phone_change_sent_at,
  confirmed_at,
  email_change_confirm_status,
  banned_until,
  reauthentication_token,
  reauthentication_sent_at,
  is_sso_user,
  deleted_at,
  role,
  aud
) VALUES (
  '0fcba67f-8eec-4500-ba1e-2114b0ab9437',
  '00000000-0000-0000-0000-000000000000',
  'maheshwaterpurifier_11@aquahome.com',
  '$2a$10$CCsYlV4vI0KqWwYV5/g4beZ5k2EUpH3P2G3Nl6dMh4yZc0O69d5tG',
  now(),
  NULL,
  '',
  NULL,
  '',
  NULL,
  '',
  '',
  NULL,
  now(),
  '{"provider": "email", "providers": ["email"]}',
  '{"full_name": "Mahesh Water Purifier   "}',
  false,
  now(),
  now(),
  NULL,
  NULL,
  '',
  '',
  NULL,
  now(),
  0,
  NULL,
  '',
  NULL,
  false,
  NULL,
  'authenticated',
  'authenticated'
) ON CONFLICT (id) DO NOTHING;

INSERT INTO public.user_roles (user_id, role)
VALUES ('0fcba67f-8eec-4500-ba1e-2114b0ab9437', 'supplier')
ON CONFLICT (user_id, role) DO NOTHING;

-- User: XYZ Purifier  (supplier)
INSERT INTO auth.users (
  id,
  instance_id,
  email,
  encrypted_password,
  email_confirmed_at,
  invited_at,
  confirmation_token,
  confirmation_sent_at,
  recovery_token,
  recovery_sent_at,
  email_change_token_new,
  email_change,
  email_change_sent_at,
  last_sign_in_at,
  raw_app_meta_data,
  raw_user_meta_data,
  is_super_admin,
  created_at,
  updated_at,
  phone,
  phone_confirmed_at,
  phone_change,
  phone_change_token,
  phone_change_sent_at,
  confirmed_at,
  email_change_confirm_status,
  banned_until,
  reauthentication_token,
  reauthentication_sent_at,
  is_sso_user,
  deleted_at,
  role,
  aud
) VALUES (
  '0b6d38bd-ffc6-4468-ba63-9a150f4fc296',
  '00000000-0000-0000-0000-000000000000',
  'xyzpurifier_12@aquahome.com',
  '$2a$10$CCsYlV4vI0KqWwYV5/g4beZ5k2EUpH3P2G3Nl6dMh4yZc0O69d5tG',
  now(),
  NULL,
  '',
  NULL,
  '',
  NULL,
  '',
  '',
  NULL,
  now(),
  '{"provider": "email", "providers": ["email"]}',
  '{"full_name": "XYZ Purifier "}',
  false,
  now(),
  now(),
  NULL,
  NULL,
  '',
  '',
  NULL,
  now(),
  0,
  NULL,
  '',
  NULL,
  false,
  NULL,
  'authenticated',
  'authenticated'
) ON CONFLICT (id) DO NOTHING;

INSERT INTO public.user_roles (user_id, role)
VALUES ('0b6d38bd-ffc6-4468-ba63-9a150f4fc296', 'supplier')
ON CONFLICT (user_id, role) DO NOTHING;


-- ============ UPDATE PROFILES ============
-- Profiles are auto-created by triggers, but let's update them to have precise export details

UPDATE public.profiles SET
  full_name = 'Admin',
  phone = NULL,
  avatar_url = NULL,
  referral_code = NULL,
  referral_credits = 0
WHERE user_id = '7827f9b9-bfba-41eb-919f-70524d2e363d';

UPDATE public.profiles SET
  full_name = 'Maddy',
  phone = '9011623311',
  avatar_url = NULL,
  referral_code = NULL,
  referral_credits = 0
WHERE user_id = '1be8f91e-fe11-463e-a7e7-d56491402187';

UPDATE public.profiles SET
  full_name = 'ABC',
  phone = NULL,
  avatar_url = NULL,
  referral_code = NULL,
  referral_credits = 0
WHERE user_id = '964da871-7c31-4f00-8433-7385767c5401';

UPDATE public.profiles SET
  full_name = 'PaaniWala',
  phone = NULL,
  avatar_url = NULL,
  referral_code = NULL,
  referral_credits = 0
WHERE user_id = 'e47a585f-2d3b-4b93-914f-46155cb34560';

UPDATE public.profiles SET
  full_name = 'Pasalkar water supplier ',
  phone = NULL,
  avatar_url = NULL,
  referral_code = NULL,
  referral_credits = 0
WHERE user_id = '8fb4817b-e1bb-43f7-a3c6-89de3c57f07c';

UPDATE public.profiles SET
  full_name = 'Radha',
  phone = NULL,
  avatar_url = NULL,
  referral_code = NULL,
  referral_credits = 0
WHERE user_id = 'ed454d84-7b16-4faa-b1de-745677131216';

UPDATE public.profiles SET
  full_name = 'Patil Water Supplier',
  phone = NULL,
  avatar_url = NULL,
  referral_code = NULL,
  referral_credits = 0
WHERE user_id = 'a3103e3b-2f7c-4c78-9d35-efb2d6fafce2';

UPDATE public.profiles SET
  full_name = 'Aqua kharadi ',
  phone = NULL,
  avatar_url = NULL,
  referral_code = NULL,
  referral_credits = 0
WHERE user_id = '0da255e0-51c8-4d55-b3c3-0807f4a045e2';

UPDATE public.profiles SET
  full_name = 'Krushna water supplier ',
  phone = '9858987878',
  avatar_url = NULL,
  referral_code = NULL,
  referral_credits = 0
WHERE user_id = '2e165559-b459-4f03-b54f-4148e5780529';

UPDATE public.profiles SET
  full_name = 'Cm ',
  phone = '9011623311',
  avatar_url = NULL,
  referral_code = NULL,
  referral_credits = 0
WHERE user_id = '1686643a-9374-4cea-aaf6-af784c7acca4';

UPDATE public.profiles SET
  full_name = 'JalSeva',
  phone = NULL,
  avatar_url = NULL,
  referral_code = NULL,
  referral_credits = 0
WHERE user_id = 'b45a892d-d324-495b-acc4-8839b715b7df';

UPDATE public.profiles SET
  full_name = 'Mahesh Water Supllier',
  phone = NULL,
  avatar_url = NULL,
  referral_code = NULL,
  referral_credits = 0
WHERE user_id = 'fc60218e-ca4a-4828-9a56-2f066e77e780';

UPDATE public.profiles SET
  full_name = 'Mahesh Water Purifier   ',
  phone = NULL,
  avatar_url = NULL,
  referral_code = NULL,
  referral_credits = 0
WHERE user_id = '0fcba67f-8eec-4500-ba1e-2114b0ab9437';

UPDATE public.profiles SET
  full_name = 'XYZ Purifier ',
  phone = '+917083235728',
  avatar_url = NULL,
  referral_code = NULL,
  referral_credits = 0
WHERE user_id = '0b6d38bd-ffc6-4468-ba63-9a150f4fc296';


-- ============ SEED SUPPLIERS ============

INSERT INTO public.suppliers (
  id,
  user_id,
  business_name,
  area,
  water_type,
  price_per_can,
  min_order,
  delivery_time,
  available,
  rating,
  review_count,
  stock,
  blocked,
  tanker_capacity,
  driver_phone,
  vehicle_number,
  price_per_tanker,
  pincode,
  created_at,
  updated_at
) VALUES (
  '2902c213-62af-46ce-a706-42bf898ce297',
  '1be8f91e-fe11-463e-a7e7-d56491402187',
  'Maddy',
  'Kranti Chowk-Parbhani, Parbhani, Parbhani',
  'RO Purified',
  40,
  1,
  '30-45 min',
  true,
  0,
  0,
  0,
  false,
  5000,
  '9011623311',
  'MH22BC8191',
  500,
  '431401',
  '2026-04-09T07:34:21.400283+00:00',
  '2026-04-09T07:45:46.117897+00:00'
) ON CONFLICT (user_id) DO NOTHING;

INSERT INTO public.suppliers (
  id,
  user_id,
  business_name,
  area,
  water_type,
  price_per_can,
  min_order,
  delivery_time,
  available,
  rating,
  review_count,
  stock,
  blocked,
  tanker_capacity,
  driver_phone,
  vehicle_number,
  price_per_tanker,
  pincode,
  created_at,
  updated_at
) VALUES (
  '9121ca21-9a7b-4742-8ae1-08b60caa6416',
  '964da871-7c31-4f00-8433-7385767c5401',
  'ABC',
  'WAGHOLI, PUNE',
  'RO Purified',
  40,
  1,
  '30-45 min',
  true,
  0,
  0,
  0,
  false,
  5000,
  NULL,
  NULL,
  500,
  NULL,
  '2026-04-09T14:50:02.816761+00:00',
  '2026-04-09T14:50:02.816761+00:00'
) ON CONFLICT (user_id) DO NOTHING;

INSERT INTO public.suppliers (
  id,
  user_id,
  business_name,
  area,
  water_type,
  price_per_can,
  min_order,
  delivery_time,
  available,
  rating,
  review_count,
  stock,
  blocked,
  tanker_capacity,
  driver_phone,
  vehicle_number,
  price_per_tanker,
  pincode,
  created_at,
  updated_at
) VALUES (
  '9fa1e5bf-fbfd-41ec-90ea-ce201f6847a2',
  'e47a585f-2d3b-4b93-914f-46155cb34560',
  'PaaniWala',
  'Ashtapur, Haveli, Pune',
  'RO Purified',
  40,
  1,
  '30-45 min',
  true,
  0,
  0,
  0,
  false,
  5000,
  NULL,
  NULL,
  500,
  '412207',
  '2026-04-09T14:11:43.599564+00:00',
  '2026-04-10T14:31:17.155558+00:00'
) ON CONFLICT (user_id) DO NOTHING;

INSERT INTO public.suppliers (
  id,
  user_id,
  business_name,
  area,
  water_type,
  price_per_can,
  min_order,
  delivery_time,
  available,
  rating,
  review_count,
  stock,
  blocked,
  tanker_capacity,
  driver_phone,
  vehicle_number,
  price_per_tanker,
  pincode,
  created_at,
  updated_at
) VALUES (
  'e313bca0-9de9-418b-b1d8-72cd5e438445',
  '8fb4817b-e1bb-43f7-a3c6-89de3c57f07c',
  'Pasalkar water supplier ',
  'Kesnand , Pune',
  'RO Purified',
  40,
  1,
  '30-45 min',
  true,
  0,
  0,
  0,
  false,
  5000,
  NULL,
  NULL,
  500,
  NULL,
  '2026-04-10T15:04:14.862953+00:00',
  '2026-04-10T15:04:14.862953+00:00'
) ON CONFLICT (user_id) DO NOTHING;

INSERT INTO public.suppliers (
  id,
  user_id,
  business_name,
  area,
  water_type,
  price_per_can,
  min_order,
  delivery_time,
  available,
  rating,
  review_count,
  stock,
  blocked,
  tanker_capacity,
  driver_phone,
  vehicle_number,
  price_per_tanker,
  pincode,
  created_at,
  updated_at
) VALUES (
  'eefde6b7-25f9-4054-878d-f4d835d27e8b',
  'ed454d84-7b16-4faa-b1de-745677131216',
  'Radha',
  'Kharadi , Pune ',
  'RO Purified',
  40,
  1,
  '30-45 min',
  true,
  0,
  0,
  0,
  false,
  5000,
  NULL,
  NULL,
  500,
  NULL,
  '2026-04-10T15:12:33.29833+00:00',
  '2026-04-10T15:12:33.29833+00:00'
) ON CONFLICT (user_id) DO NOTHING;

INSERT INTO public.suppliers (
  id,
  user_id,
  business_name,
  area,
  water_type,
  price_per_can,
  min_order,
  delivery_time,
  available,
  rating,
  review_count,
  stock,
  blocked,
  tanker_capacity,
  driver_phone,
  vehicle_number,
  price_per_tanker,
  pincode,
  created_at,
  updated_at
) VALUES (
  'afb96245-b759-484b-bd2a-26d27c7fdb99',
  'a3103e3b-2f7c-4c78-9d35-efb2d6fafce2',
  'Patil Water Supplier',
  '9 DRD, Pune City, Pune',
  'RO Purified',
  40,
  1,
  '30-45 min',
  true,
  0,
  0,
  0,
  false,
  5000,
  NULL,
  NULL,
  500,
  '411014',
  '2026-04-10T15:18:30.853635+00:00',
  '2026-04-10T15:19:12.397528+00:00'
) ON CONFLICT (user_id) DO NOTHING;

INSERT INTO public.suppliers (
  id,
  user_id,
  business_name,
  area,
  water_type,
  price_per_can,
  min_order,
  delivery_time,
  available,
  rating,
  review_count,
  stock,
  blocked,
  tanker_capacity,
  driver_phone,
  vehicle_number,
  price_per_tanker,
  pincode,
  created_at,
  updated_at
) VALUES (
  'fd6ebb14-dc65-49c6-95ad-824d44dd37cb',
  '0da255e0-51c8-4d55-b3c3-0807f4a045e2',
  'Aqua kharadi ',
  '9 DRD, Pune City, Pune',
  'RO Purified',
  40,
  1,
  '30-45 min',
  true,
  0,
  0,
  0,
  false,
  5000,
  NULL,
  NULL,
  500,
  '411014',
  '2026-04-10T15:17:49.307656+00:00',
  '2026-04-10T15:19:48.418498+00:00'
) ON CONFLICT (user_id) DO NOTHING;

INSERT INTO public.suppliers (
  id,
  user_id,
  business_name,
  area,
  water_type,
  price_per_can,
  min_order,
  delivery_time,
  available,
  rating,
  review_count,
  stock,
  blocked,
  tanker_capacity,
  driver_phone,
  vehicle_number,
  price_per_tanker,
  pincode,
  created_at,
  updated_at
) VALUES (
  '767bc0cd-6655-4dd8-93f0-dbea0981cdf5',
  '2e165559-b459-4f03-b54f-4148e5780529',
  'Krushna water supplier ',
  'Kharadi, Pune City, Pune',
  'RO Purified',
  40,
  1,
  '30-45 min',
  true,
  0,
  0,
  1,
  false,
  5000,
  '9858987878',
  'MH12 181',
  500,
  '411014',
  '2026-04-10T15:21:30.050129+00:00',
  '2026-04-10T15:26:28.820054+00:00'
) ON CONFLICT (user_id) DO NOTHING;

INSERT INTO public.suppliers (
  id,
  user_id,
  business_name,
  area,
  water_type,
  price_per_can,
  min_order,
  delivery_time,
  available,
  rating,
  review_count,
  stock,
  blocked,
  tanker_capacity,
  driver_phone,
  vehicle_number,
  price_per_tanker,
  pincode,
  created_at,
  updated_at
) VALUES (
  'e6a00ef3-e1a7-4a96-b73b-dedd4e6d7377',
  '1686643a-9374-4cea-aaf6-af784c7acca4',
  'Cm ',
  'Kranti Chowk-Parbhani, Parbhani, Parbhani',
  'RO Purified',
  40,
  1,
  '30-45 min',
  true,
  0,
  0,
  0,
  false,
  5000,
  '9011623311',
  'MH38AC2187',
  1000,
  '431401',
  '2026-04-09T07:54:49.960609+00:00',
  '2026-04-12T16:35:15.298017+00:00'
) ON CONFLICT (user_id) DO NOTHING;

INSERT INTO public.suppliers (
  id,
  user_id,
  business_name,
  area,
  water_type,
  price_per_can,
  min_order,
  delivery_time,
  available,
  rating,
  review_count,
  stock,
  blocked,
  tanker_capacity,
  driver_phone,
  vehicle_number,
  price_per_tanker,
  pincode,
  created_at,
  updated_at
) VALUES (
  '8df2b366-de71-41bb-a94d-05153fa94931',
  'b45a892d-d324-495b-acc4-8839b715b7df',
  'JalSeva',
  'Kharadi,  Pune City, Pune',
  'RO Purified',
  40,
  1,
  '30-45 min',
  true,
  0,
  0,
  0,
  false,
  5000,
  NULL,
  NULL,
  500,
  '411014',
  '2026-04-10T15:03:18.306349+00:00',
  '2026-04-22T07:56:00.128652+00:00'
) ON CONFLICT (user_id) DO NOTHING;

INSERT INTO public.suppliers (
  id,
  user_id,
  business_name,
  area,
  water_type,
  price_per_can,
  min_order,
  delivery_time,
  available,
  rating,
  review_count,
  stock,
  blocked,
  tanker_capacity,
  driver_phone,
  vehicle_number,
  price_per_tanker,
  pincode,
  created_at,
  updated_at
) VALUES (
  '5260d575-c54a-464f-b355-42d430f0562d',
  'fc60218e-ca4a-4828-9a56-2f066e77e780',
  'Mahesh Water Supllier',
  'Wagholi Pune, Pune',
  'RO Purified',
  40,
  1,
  '30-45 min',
  true,
  0,
  0,
  0,
  false,
  5000,
  NULL,
  NULL,
  500,
  NULL,
  '2026-04-26T14:57:28.158341+00:00',
  '2026-04-26T14:57:28.158341+00:00'
) ON CONFLICT (user_id) DO NOTHING;

INSERT INTO public.suppliers (
  id,
  user_id,
  business_name,
  area,
  water_type,
  price_per_can,
  min_order,
  delivery_time,
  available,
  rating,
  review_count,
  stock,
  blocked,
  tanker_capacity,
  driver_phone,
  vehicle_number,
  price_per_tanker,
  pincode,
  created_at,
  updated_at
) VALUES (
  'c4228096-7bcb-4fe6-b360-1142de18e517',
  '0fcba67f-8eec-4500-ba1e-2114b0ab9437',
  'Mahesh Water Purifier   ',
  'Bief Road Wagholi  , Pune ',
  'RO Purified',
  40,
  1,
  '30-45 min',
  true,
  0,
  0,
  0,
  false,
  5000,
  NULL,
  NULL,
  500,
  NULL,
  '2026-05-13T08:18:36.664849+00:00',
  '2026-05-13T08:18:36.664849+00:00'
) ON CONFLICT (user_id) DO NOTHING;

INSERT INTO public.suppliers (
  id,
  user_id,
  business_name,
  area,
  water_type,
  price_per_can,
  min_order,
  delivery_time,
  available,
  rating,
  review_count,
  stock,
  blocked,
  tanker_capacity,
  driver_phone,
  vehicle_number,
  price_per_tanker,
  pincode,
  created_at,
  updated_at
) VALUES (
  'eb564140-cd7e-4089-b8fa-5bc24f841cc0',
  '0b6d38bd-ffc6-4468-ba63-9a150f4fc296',
  'XYZ Purifier ',
  'Ashtapur, Haveli, Pune',
  'RO Purified',
  40,
  1,
  '30-45 min',
  true,
  0,
  0,
  0,
  false,
  5000,
  '+917083235728',
  NULL,
  500,
  '412207',
  '2026-05-13T08:27:18.988565+00:00',
  '2026-05-13T08:35:06.317714+00:00'
) ON CONFLICT (user_id) DO NOTHING;
